[
  {
    "name": "Fayomi",
    "email": "ola@gmail.com",
    "password": "yami"
  },
  {
    "name": "olaoluwa",
    "email": "ola@gmail.com",
    "password": "olaola"
  },
  {
    "name": "ola",
    "email": "olaoluwa@gmail.com",
    "password": "olaola"
  },
  {
    "name": "olaoluwa",
    "email": "ola@gmail.com",
    "password": "yamyam"
  },
  {
    "name": "Faizal",
    "email": "igbalayefaizal@gmail.com",
    "password": "Abiola1611"
  },
  {
    "name": "daniel",
    "email": "danielchizeagmail.com",
    "password": "cr7usarat"
  },
  {
    "name": "fhe",
    "email": "3y533",
    "password": "h6e"
  },
  {
    "name": "dan",
    "email": "dannn",
    "password": "dannnnnn"
  }
]